source,objectid,parentid,filename,identifier,title,date,description,subject,location,format,type,language,creator,displaytemplate,object_location,image_small,image_thumb,image_alt_text,rights,rightsstatement
Fred Nordgaard Barbershop Quartet Scrapbooks Lewiston City Library Special Collection,nordgaard001,,22-2.jpg,22-2,"Snake River Rogues Quartet, July, 1980.",1980-7,"The ""Snake River Rogues"". First organized quartet at Lewiston Crazy Days, July, 1980. Picture taken at Joanne Candies on Main St. Pictured L to R: John Nordgaard; Jerry Hanowell; Tom Moore; Cliff Carrick",Singers; Barbershop quartets,"Joanne Candies, 838 Main St., Lewiston, Idaho in 1980",image/jpeg,Photographs; Color photographs,en,Fred Nordgaard,image,https://www.cityoflewiston.org/ImageRepository/Document?documentID=8206,,https://www.cityoflewiston.org/ImageRepository/Document?documentID=8206&thumbnailSize=Thumb150x150,,"For permission to publish, contact Lewiston City Library
Phone: (208)-798-2525 E-mail: library@cityoflewiston.org",https://rightsstatements.org/vocab/InC-EDU/1.0/
"Fred Nordgaard Barbershop Quartet Scrapbooks, Lewiston City Library Special Collection",nordgaard002,,A-22-3.jpg,A-22-3,"Confluence of Note First Auditions Night, Setember 9, 1980",1980-09-09,"Confluence of Note first auditions for admissions night at the LCSC CUB Cafeteria, September 9, 1980.",Auditions; Barbershop quartets; Singers,Lewis-Clark State College CUB cafeteria,image/jpeg,Photographs; Color Photographs,en,Fred Nordgaard,image,https://www.cityoflewiston.org/ImageRepository/Document?documentID=8242,,https://www.cityoflewiston.org/ImageRepository/Document?documentID=8242&thumbnailSize=Thumb150x150,,"For permission to publish, contact Lewiston City Library
Phone: (208)-798-2525 E-mail: library@cityoflewiston.org",https://rightsstatements.org/vocab/InC-EDU/1.0/
"Fred Nordgaard Barbershop Quartet Scrapbooks, Lewiston City Library Special Collection",nordgaard003,,34-1.jpg,34-1,"The ""Confluence of Note"" First Photograph",1980-11-11,Confluence of Note first photo and first public recognition. Charter night celebration announcement included in article text.,Barbershop quartets; Singers;,"Lewiston, Idaho",image/jpeg,Clippings;,en,Lewiston Tribune,image,https://www.cityoflewiston.org/ImageRepository/Document?documentID=8207,,https://www.cityoflewiston.org/ImageRepository/Document?documentID=8207&thumbnailSize=Thumb150x150,,"For permission to publish, contact Lewiston City Library
Phone: (208)-798-2525 E-mail: library@cityoflewiston.org",https://rightsstatements.org/vocab/InC-EDU/1.0/
"Fred Nordgaard Barbershop Quartet Scrapbooks, Lewiston City Library Special Collection",nordgaard004,,A-54-3.jpg,A-54-3,"The ""Confluence of Note"" Ladies Night Installation Banquet",1980-12-6,"Ladies Night and Installation Banquet, 1981 officers. Fred Nordgaard presenting Jeanne Vallandigham a corsage in appreciation of her help in past shows.","Awards; Banquets; Nordgaard, Fred; Vallandigham, Jeanne;",Lewiston Elks Club,image/jpeg,Unknown,en,Fred Nordgaard,image,https://www.cityoflewiston.org/ImageRepository/Document?documentID=8244,,https://www.cityoflewiston.org/ImageRepository/Document?documentID=8244&thumbnailSize=Thumb150x150,,"For permission to publish, contact Lewiston City Library
Phone: (208)-798-2525 E-mail: library@cityoflewiston.org",https://rightsstatements.org/vocab/InC-EDU/1.0/
"Fred Nordgaard Barbershop Quartet Scrapbooks, Lewiston City Library Special Collection",nordgaard005,,A-54-1.jpg,A-54-1,Confluence of Note Ladies Night Installation Banquet,1980-12-6,"Ladies Night and Installation Banquet, 1981 officers. Fred Nordgaard presenting our ""founding father"" a plaque of recognition.",Awards; Banquets;,Lewiston Elks Club,image/jpeg,Unknown,en,Fred Nordgaard,image,https://www.cityoflewiston.org/ImageRepository/Document?documentID=8243,,https://www.cityoflewiston.org/ImageRepository/Document?documentID=8243&thumbnailSize=Thumb150x150,,"For permission to publish, contact Lewiston City Library
Phone: (208)-798-2525 E-mail: library@cityoflewiston.org",https://rightsstatements.org/vocab/InC-EDU/1.0/
"Fred Nordgaard Barbershop Quartet Scrapbooks, Lewiston City Library Special Collection",nordgaard006,,p4012coll4_5_full.jpg,p4012coll4_5_full,"Charter Night Celebration -- November 22, 1980",1980-11-22,"Charter Night performance, Nov. 22, 1980",Barbershop quartets; Singers; Celebrations; Premiers,Lewiston High School Auditorium,image/jpeg,Photographic prints; Photographs;,en,Fred Nordgaard,image,https://www.cityoflewiston.org/ImageRepository/Document?documentID=8245,,https://www.cityoflewiston.org/ImageRepository/Document?documentID=8245&thumbnailSize=Thumb150x150,,"For permission to publish, contact Lewiston City Library
Phone: (208)-798-2525 E-mail: library@cityoflewiston.org",https://rightsstatements.org/vocab/InC-EDU/1.0/
"Fred Nordgaard Barbershop Quartet Scrapbooks, Lewiston City Library Special Collection",nordgaard007,,46-2.jpg,46-2,"Charter Night Celebration -- November 22, 1980",1980-11-22,"Charter Night performance, Nov. 22, 1980. District President Harry Neuwirth presenting Charter to chapter President Fred Nordgaard.",Barbershop quartets; Celebrations; Premiers; Singers; Singing; Charters,Lewiston High School Auditorium,image/jpeg,Photographic prints; Photographs,en,Fred Nordgaard,image,https://www.cityoflewiston.org/ImageRepository/Document?documentID=8208,,https://www.cityoflewiston.org/ImageRepository/Document?documentID=8208&thumbnailSize=Thumb150x150,,"For permission to publish, contact Lewiston City Library
Phone: (208)-798-2525 E-mail: library@cityoflewiston.org",https://rightsstatements.org/vocab/InC-EDU/1.0/
"Fred Nordgaard Barbershop Quartet Scrapbooks, Lewiston City Library Special Collection",nordgaard008,,p4012coll4_9_full.jpg,p4012coll4_9_full,Official Proclamation of Barbershop Harmony Month,1981-4-13,"Barbershop Harmony Month proclamation from Lewiston Mayor Delitha Kilgore, for April, 1981.","Announcements; Mayors; Barbershop quartets; Kilgore, Delitha",Unknown,image/jpeg,Announcements,en,City of Lewiston,image,https://www.cityoflewiston.org/ImageRepository/Document?documentID=8246,,https://www.cityoflewiston.org/ImageRepository/Document?documentID=8246&thumbnailSize=Thumb150x150,,"For permission to publish, contact Lewiston City Library
Phone: (208)-798-2525 E-mail: library@cityoflewiston.org",https://rightsstatements.org/vocab/InC-EDU/1.0/
"Fred Nordgaard Barbershop Quartet Scrapbooks, Lewiston City Library Special Collection",nordgaard009,,57-1.jpg,57-1,"Charter Night Celebration -- November 22, 1980",1981-1-?,"Evergreen District Bulletin (SPEBSQSA) announcing the charter night celebration of the ""Confluence of Note"" held at the Lewiston High School Auditorium.",Barbershop quartets; SPEBSQSA; Timbre (Newsletter),Unknown,image/jpeg,Announcements;,en,"Evergreen District, SPEBSQSA",image,https://www.cityoflewiston.org/ImageRepository/Document?documentID=8211,,https://www.cityoflewiston.org/ImageRepository/Document?documentID=8211&thumbnailSize=Thumb150x150,,"For permission to publish, contact Lewiston City Library
Phone: (208)-798-2525 E-mail: library@cityoflewiston.org",https://rightsstatements.org/vocab/InC-EDU/1.0/
"Fred Nordgaard Barbershop Quartet Scrapbooks, Lewiston City Library Special Collection",nordgaard010,,77-1.jpg,77-1,"Brackenbury Square Dedication Celebration -- November, 1983",1983-11-?,Back: Roger Tutty; Martin Riggers; Don Curtis; Dan Zenner; E.L. Stanley; Allen Jones; Front: Jerry Hanowell; Del Collier; Paul Sharrai; Vic Derring; Director: Fred Nordgaard,Dedications; Barbershop quartets,Unknown,image/jpeg,Color photographs,en,Fred Nordgaard,image,https://www.cityoflewiston.org/ImageRepository/Document?documentID=8220,,https://www.cityoflewiston.org/ImageRepository/Document?documentID=8220&thumbnailSize=Thumb150x150,,"For permission to publish, contact Lewiston City Library
Phone: (208)-798-2525 E-mail: library@cityoflewiston.org",https://rightsstatements.org/vocab/InC-EDU/1.0/
"Fred Nordgaard Barbershop Quartet Scrapbooks, Lewiston City Library Special Collection",nordgaard011,,78-1.jpg,78-1,Letter of Appreciation for Brackenbury Square Dedication Appearance,1983-11-3,Letter of appreciation from Lewiston Mayor Craig McMiken for Brackenbury Square Dedication performance.,Barbershop quartets; Public appearances,Brackenbury Square,image/jpeg,Correspondence,en,City of Lewiston,image,https://www.cityoflewiston.org/ImageRepository/Document?documentID=8221,,https://www.cityoflewiston.org/ImageRepository/Document?documentID=8221&thumbnailSize=Thumb150x150,,"For permission to publish, contact Lewiston City Library
Phone: (208)-798-2525 E-mail: library@cityoflewiston.org",https://rightsstatements.org/vocab/InC-EDU/1.0/
"Fred Nordgaard Barbershop Quartet Scrapbooks, Lewiston City Library Special Collection",nordgaard012,,1-3.jpg,1-3,Chapter Formation Informational Meeting,1979-6-19,Newspaper announcement of informational meeting to form Lewiston area barbershop harmony group.,Advertising,Unknown,image/jpeg,Advertisements; Clippings,en,Lewiston Tribune,image,https://www.cityoflewiston.org/ImageRepository/Document?documentID=8203,,https://www.cityoflewiston.org/ImageRepository/Document?documentID=8203&thumbnailSize=Thumb150x150,,"For permission to publish, contact Lewiston City Library
Phone: (208)-798-2525 E-mail: library@cityoflewiston.org",https://rightsstatements.org/vocab/InC-EDU/1.0/
"Fred Nordgaard Barbershop Quartet Scrapbooks, Lewiston City Library Special Collection",nordgaard013,,81-1.jpg,81-1,Installation of officers,1983-13-13,"Installation of officers,1984; Henry Banget; John Anglin; John Marchi; S.P.E.B.S.Q.S.A.",Installation of officers,Lewiston Elks Lodge,image/jpeg,Color photographs,en,Fred Nordgaard,image,https://www.cityoflewiston.org/ImageRepository/Document?documentID=8223,,https://www.cityoflewiston.org/ImageRepository/Document?documentID=8223&thumbnailSize=Thumb150x150,,"For permission to publish, contact Lewiston City Library
Phone: (208)-798-2525 E-mail: library@cityoflewiston.org",https://rightsstatements.org/vocab/InC-EDU/1.0/
"Fred Nordgaard Barbershop Quartet Scrapbooks, Lewiston City Library Special Collection",nordgaard014,,81-2.jpg,81-2,"Installation of officers, 1984",1983-12-13,"Northwest Passage serenading at Installation of officers meeting,1984",Northwest Passage (Barbershop Quartet); Installation of officers; S.P.E.B.S.Q.S.A.; Singing,Lewiston Elks Lodge,image/jpeg,Color Photographs,en,Fred Nordgaard,image,https://www.cityoflewiston.org/ImageRepository/Document?documentID=8224,,https://www.cityoflewiston.org/ImageRepository/Document?documentID=8224&thumbnailSize=Thumb150x150,,"For permission to publish, contact Lewiston City Library
Phone: (208)-798-2525 E-mail: library@cityoflewiston.org",https://rightsstatements.org/vocab/InC-EDU/1.0/
"Fred Nordgaard Barbershop Quartet Scrapbooks, Lewiston City Library Special Collection",nordgaard015,,81-3.jpg,81-3,"Installation of Officers, 1984",1983-12-13,"Installation of officers meeting, 1984. L to R: Del Collier; John Nordgaard; Henry Bangert; Dale Vallandigham; Vic Deering; Lloyd Bosserman",Installation of officers; S.P.E.B.S.Q.S.A.,Lewiston Elks Lodge,image/jpeg,Color photographs,en,Fred Nordgaard,image,https://www.cityoflewiston.org/ImageRepository/Document?documentID=8225,,https://www.cityoflewiston.org/ImageRepository/Document?documentID=8225&thumbnailSize=Thumb150x150,,"For permission to publish, contact Lewiston City Library
Phone: (208)-798-2525 E-mail: library@cityoflewiston.org",https://rightsstatements.org/vocab/InC-EDU/1.0/
"Fred Nordgaard Barbershop Quartet Scrapbooks, Lewiston City Library Special Collection",nordgaard016,,51-1.jpg,51-1,"Charter Night Celebration--November 22, 1980",1980-11-22,"Charter Night performance, Nov.22, 1980. Grand Finale of Charter Show.",Barbershop quartets; Singers; Celebrations; Premiers; Pages of Harmony; Prosser Pops; Columbia Rivertug Boat Company; The Yellow Jackets;South Sounders;The Ad Hoc Committee,Lewiston High School Auditorium,image/jpeg,Photographic prints; Photographs,en,Fred Nordgaard,image,https://www.cityoflewiston.org/ImageRepository/Document?documentID=8209,,https://www.cityoflewiston.org/ImageRepository/Document?documentID=8209&thumbnailSize=Thumb150x150,,"For permission to publish, contact Lewiston City Library
Phone: (208)-798-2525 E-mail: library@cityoflewiston.org",https://rightsstatements.org/vocab/InC-EDU/1.0/
"Fred Nordgaard Barbershop Quartet Scrapbooks, Lewiston City Library Special Collection",nordgaard017,,p4012coll4_21_full.jpg,p4012coll4_21_full,"Program for ""Moonlight and Roses"" Concert",1981-10-?,"Concert program for ""Moonlight & Roses"" concert.",Concerts;Barbershop quartets,Unknown,image/jpeg,Unknown,en,Confluence of Note,image,https://www.cityoflewiston.org/ImageRepository/Document?documentID=8247,,https://www.cityoflewiston.org/ImageRepository/Document?documentID=8247&thumbnailSize=Thumb150x150,,"For permission to publish, contact Lewiston City Library
Phone: (208)-798-2525 E-mail: library@cityoflewiston.org",https://rightsstatements.org/vocab/InC-EDU/1.0/
"Fred Nordgaard Barbershop Quartet Scrapbooks, Lewiston City Library Special Collection",nordgaard018,,1-27.jpg,1-27,Charter for Lewis-Clark Chapter of SPEBSQSA,1980-10-13,Charter for the Lewis-Clark Chapter of SPEBSQSA.,Chapter documents,Unknown,image/jpeg,Charters,en,Fred Nordgaard; SPEBSQSA,image,https://www.cityoflewiston.org/ImageRepository/Document?documentID=8204,,https://www.cityoflewiston.org/ImageRepository/Document?documentID=8204&thumbnailSize=Thumb150x150,,"For permission to publish, contact Lewiston City Library
Phone: (208)-798-2525 E-mail: library@cityoflewiston.org",https://rightsstatements.org/vocab/InC-EDU/1.0/
"Fred Nordgaard Barbershop Quartet Scrapbooks, Lewiston City Library Special Collection",nordgaard019,,63-1.jpg,63-1,Lewiston Center Mall Stores Celebrate Opening,1981-9-20,News clipping announcing celebration of new store openings at Lewiston Center Mall.,Barbershop quartets; Celebrations;,Lewiston Center Mall,image/jpeg,clippings; newsclippings,en,Lewiston Tribune,image,https://www.cityoflewiston.org/ImageRepository/Document?documentID=8212,,https://www.cityoflewiston.org/ImageRepository/Document?documentID=8212&thumbnailSize=Thumb150x150,,"For permission to publish, contact Lewiston City Library
Phone: (208)-798-2525 E-mail: library@cityoflewiston.org",https://rightsstatements.org/vocab/InC-EDU/1.0/
"Fred Nordgaard Barbershop Quartet Scrapbooks, Lewiston City Library Special Collection",nordgaard020,,73-2.jpg,73-2,"Installation of Officers, 1982",1982,"L to R: John Nordgaard, Vic Deering, Terry Svingen, Guy Trotter, Vance Vallandigham, Gene Hagedorn, Henry Bangert, Fred Nordgaard, Lloyd Bosserman",Installation of officers,Unknown,image/jpeg,Color photograph,en,Fred Nordgaard,image,https://www.cityoflewiston.org/ImageRepository/Document?documentID=8215,,https://www.cityoflewiston.org/ImageRepository/Document?documentID=8215&thumbnailSize=Thumb150x150,,"For permission to publish, contact Lewiston City Library
Phone: (208)-798-2525 E-mail: library@cityoflewiston.org",https://rightsstatements.org/vocab/InC-EDU/1.0/
"Fred Nordgaard Barbershop Quartet Scrapbooks, Lewiston City Library Special Collection",nordgaard021,,79-1.jpg,79-1,An Evening of Cabaret Fun,1983-10-15,"Advertisement for an ""Evening of Cabaret Fun"" a singing event that included barbershop harmony and audience sing-along.",Advertising; Concerts; John Nordgaard; Lady barbershoppers; singing,St. Stanislaus Gym,image/jpeg,Advertisements,en,John Nordgaard,image,https://www.cityoflewiston.org/ImageRepository/Document?documentID=8222,,https://www.cityoflewiston.org/ImageRepository/Document?documentID=8222&thumbnailSize=Thumb150x150,,"For permission to publish, contact Lewiston City Library
Phone: (208)-798-2525 E-mail: library@cityoflewiston.org",https://rightsstatements.org/vocab/InC-EDU/1.0/
"Fred Nordgaard Barbershop Quartet Scrapbooks, Lewiston City Library Special Collection",nordgaard022,,100-2.jpg,100-2,Confluence of Note Salutes Lewiston's 125th Birthday,1986-5-3,"News clipping advertisement for ""Memory Melodies in Barbershop Harmony"" a concert saluting Lewiston's 125th birthday.",Concerts; Northwest Passage (Group); Confluence of Note; Advertising,Lewiston High School Auditorium,image/jpeg,Clippings; Advertisements,en,Lewiston Morning Tribune,image,https://www.cityoflewiston.org/ImageRepository/Document?documentID=8230,,https://www.cityoflewiston.org/ImageRepository/Document?documentID=8230&thumbnailSize=Thumb150x150,,"For permission to publish, contact Lewiston City Library
Phone: (208)-798-2525 E-mail: library@cityoflewiston.org",https://rightsstatements.org/vocab/InC-EDU/1.0/
"Fred Nordgaard Barbershop Quartet Scrapbooks, Lewiston City Library Special Collection",nordgaard023,,81-4.jpg,81-4,Bangert heads barbershop chorus,1983-12-18,"Lewiston Tribune article describing installation of new officers for 1984: Henry Bangert, President; John Nordgaard, membership Vice-president; Victor Deering, Secretary; Loyd Bosserman, Treasurer; Del Collier, Board of directors.",Barbershop quartets; singing; installation of officers,Lewiston Elk lodge,image/jpeg,Clippings; Newsclippings,en,Lewiston Tribune,image,https://www.cityoflewiston.org/ImageRepository/Document?documentID=8226,,https://www.cityoflewiston.org/ImageRepository/Document?documentID=8226&thumbnailSize=Thumb150x150,,"For permission to publish, contact Lewiston City Library
Phone: (208)-798-2525 E-mail: library@cityoflewiston.org",https://rightsstatements.org/vocab/InC-EDU/1.0/
"Fred Nordgaard Barbershop Quartet Scrapbooks, Lewiston City Library Special Collection",nordgaard024,,130-2.jpg,130-2,"Hatton Coulee Rest Stop, Memorial Weekend, 1993",1993-9,"Hatton Coulee Rest Stop, Memorial weekend, 1993. Same 24 hour period as in 1991, donations grossed $2581.25",Barbershop quartets; Community service,Hatton Coulee Rest Stop,image/jpeg,Color photographs,en,Fred Nordgaard,image,https://www.cityoflewiston.org/ImageRepository/Document?documentID=8235,,https://www.cityoflewiston.org/ImageRepository/Document?documentID=8235&thumbnailSize=Thumb150x150,,"For permission to publish, contact Lewiston City Library
Phone: (208)-798-2525 E-mail: library@cityoflewiston.org",https://rightsstatements.org/vocab/InC-EDU/1.0/
"Fred Nordgaard Barbershop Quartet Scrapbooks, Lewiston City Library Special Collection",nordgaard025,,130-4.jpg,130-4,"Hatton Coulee Rest Stop, Memorial weekend, 1993",1993-9,"Hatton Coulee Rest stop, Memorial weekend 1993. Same 24 hr. periods as in 1991 Donations grossed $2581.25",Barbershop quartets; Community service; Rest stops,Hatton Coulee Rest Stop,image/jpeg,Color photographs,en,Fred Nordgaard,image,https://www.cityoflewiston.org/ImageRepository/Document?documentID=8236,,https://www.cityoflewiston.org/ImageRepository/Document?documentID=8236&thumbnailSize=Thumb150x150,,"For permission to publish, contact Lewiston City Library
Phone: (208)-798-2525 E-mail: library@cityoflewiston.org",https://rightsstatements.org/vocab/InC-EDU/1.0/
"Fred Nordgaard Barbershop Quartet Scrapbooks, Lewiston City Library Special Collection",nordgaard026,,87-3.jpg,87-3,"The Tscemenicum, May 1984",1984-5-12,"May 1984 issue of ""The Tscemenicum"" the official Lewis-Clark chapter bulletin.",Tscemenicum; Concerts; Barbershop quartets,Lewiston High School,image/jpeg,Bulletins,en,"Lewis-Clark Chapter, SPEBSQSA",image,https://www.cityoflewiston.org/ImageRepository/Document?documentID=8228,,https://www.cityoflewiston.org/ImageRepository/Document?documentID=8228&thumbnailSize=Thumb150x150,,"For permission to publish, contact Lewiston City Library
Phone: (208)-798-2525 E-mail: library@cityoflewiston.org",https://rightsstatements.org/vocab/InC-EDU/1.0/
"Fred Nordgaard Barbershop Quartet Scrapbooks, Lewiston City Library Special Collection",nordgaard027,,92-5.jpg,92-5,Evening of Barbershop Memories,1985-4-13,"Program for concert, ""An Evening of Barbershop Memories"" on April 13, 1985 at Lewiston High School Auditorium.",Barbershop quartets; Northwest Passage (Group); Concerts; Confluence of Note,Lewiston High School Auditorium,image/jpeg,Concert programs; Programs,en,Fred Nordgaard,image,https://www.cityoflewiston.org/ImageRepository/Document?documentID=8229,,https://www.cityoflewiston.org/ImageRepository/Document?documentID=8229&thumbnailSize=Thumb150x150,,"For permission to publish, contact Lewiston City Library
Phone: (208)-798-2525 E-mail: library@cityoflewiston.org",https://rightsstatements.org/vocab/InC-EDU/1.0/
"Fred Nordgaard Barbershop Quartet Scrapbooks, Lewiston City Library Special Collection",nordgaard028,,131-2.jpg,131-2,"Performance at LCSC Luncheon, July 17, 1993",1993-7-17,"Performance at LCSC Luncheon on July 17, 1993. Seated are Phil Johnson, Fred Nordgaard, Noel Barbuto and Jerry Hanowell.",Concerts; Lewis-Clark State College,Lewis-Clark State College,image/jpeg,Color photographs,en,Fred Nordgaard,image,https://www.cityoflewiston.org/ImageRepository/Document?documentID=8238,,https://www.cityoflewiston.org/ImageRepository/Document?documentID=8238&thumbnailSize=Thumb150x150,,"For permission to publish, contact Lewiston City Library
Phone: (208)-798-2525 E-mail: library@cityoflewiston.org",https://rightsstatements.org/vocab/InC-EDU/1.0/
"Fred Nordgaard Barbershop Quartet Scrapbooks, Lewiston City Library Special Collection",nordgaard029,,131-3.jpg,131-3,Performance at LCSC Luncheon,1993-7-17,"Performance at LCSC Luncheon on July 17, 1993. Seated are Fred Nordgaard and Charlie Storm.",Concerts; Lewis-Clark State College,Lewis-Clark State College,image/jpeg,Color photographs,en,Fred Nordgaard,image,https://www.cityoflewiston.org/ImageRepository/Document?documentID=8239,,https://www.cityoflewiston.org/ImageRepository/Document?documentID=8239&thumbnailSize=Thumb150x150,,"For permission to publish, contact Lewiston City Library
Phone: (208)-798-2525 E-mail: library@cityoflewiston.org",https://rightsstatements.org/vocab/InC-EDU/1.0/
"Fred Nordgaard Barbershop Quartet Scrapbooks, Lewiston City Library Special Collection",nordgaard030,,p4012coll4_37_full.jpg,p4012coll4_37_full,Letter of Official notice of SPEBSQSA Chapter Designation,1980-5-28,Letter of official notice of charter designation of the Lewis-Clark Chapter by the SPEBSQSA International Executive Committee.,SPEBSQSA; Lewis-Clark Chapter;,Unknown,image/jpeg,Charters; Correspondence,en,SPEBSQSA,image,https://www.cityoflewiston.org/ImageRepository/Document?documentID=8202,,https://www.cityoflewiston.org/ImageRepository/Document?documentID=8202&thumbnailSize=Thumb150x150,,"For permission to publish, contact Lewiston City Library
Phone: (208)-798-2525 E-mail: library@cityoflewiston.org",https://rightsstatements.org/vocab/InC-EDU/1.0/
"Fred Nordgaard Barbershop Quartet Scrapbooks, Lewiston City Library Special Collection",nordgaard031,,131-1.jpg,131-1,Performance at LCSC Luncheon,1993-7-17,"Performance at Lewis-Clark State College Luncheon, July 17, 1993. Noel Barbuto directing.",Concerts; Lewis-Clark State College,Lewis-Clark State College,image/jpeg,Color photographs,en,Fred Nordgaard,image,https://www.cityoflewiston.org/ImageRepository/Document?documentID=8237,,https://www.cityoflewiston.org/ImageRepository/Document?documentID=8237&thumbnailSize=Thumb150x150,,"For permission to publish, contact Lewiston City Library
Phone: (208)-798-2525 E-mail: library@cityoflewiston.org",https://rightsstatements.org/vocab/InC-EDU/1.0/
"Fred Nordgaard Barbershop Quartet Scrapbooks, Lewiston City Library Special Collection",nordgaard032,,127-4.jpg,127-4,Cabaret at Fred Poole Recreation Center,1992-10-31,"Cabaret at Fred Poole Recreation Center, 1992. Noel Barbuto directing. Electric barber pole created by Del Collier.",Concerts; Barbershop quartets; Barber poles,Fred Poole Recreation Center,image/jpeg,Color photographs,en,Fred Nordgaard,image,https://www.cityoflewiston.org/ImageRepository/Document?documentID=8234,,https://www.cityoflewiston.org/ImageRepository/Document?documentID=8234&thumbnailSize=Thumb150x150,,"For permission to publish, contact Lewiston City Library
Phone: (208)-798-2525 E-mail: library@cityoflewiston.org",https://rightsstatements.org/vocab/InC-EDU/1.0/
"Fred Nordgaard Barbershop Quartet Scrapbooks, Lewiston City Library Special Collection",nordgaard033,,115-4.jpg,115-4,Saturday Night Special at Cenex Co-operative Banquet,1990-2-3,"Chorus and ""Saturday Night Special"" entertaining farmer clients at Cenex Co-operative banquet, February 3, 1990",Concerts; Saturday night specials; Barbershop quartets,Cenex Co-operative,image/jpeg,Color photographs,en,Fred Nordgaard,image,https://www.cityoflewiston.org/ImageRepository/Document?documentID=8231,,https://www.cityoflewiston.org/ImageRepository/Document?documentID=8231&thumbnailSize=Thumb150x150,,"For permission to publish, contact Lewiston City Library
Phone: (208)-798-2525 E-mail: library@cityoflewiston.org",https://rightsstatements.org/vocab/InC-EDU/1.0/
"Fred Nordgaard Barbershop Quartet Scrapbooks, Lewiston City Library Special Collection",nordgaard034,,123-2.jpg,123-2,"Hatton Coulee Rest Stop, Labor Day, 1991",1991-9-4,"Hatton Coulee Rest Stop, Labor Day weekend, 1991. Serving coffee & cookies for donation. Open 24 hours a day from Friday-Monday. Lots of work but lots of fun eating, singing and socializing. Donations grossed $2068.08!",Barbershop quartets; Community service,Hatton Coulee Rest Stop,image/jpeg,Color photographs,en,Fred Nordgaard,image,https://www.cityoflewiston.org/ImageRepository/Document?documentID=8232,,https://www.cityoflewiston.org/ImageRepository/Document?documentID=8232&thumbnailSize=Thumb150x150,,"For permission to publish, contact Lewiston City Library
Phone: (208)-798-2525 E-mail: library@cityoflewiston.org",https://rightsstatements.org/vocab/InC-EDU/1.0/
"Fred Nordgaard Barbershop Quartet Scrapbooks, Lewiston City Library Special Collection",nordgaard035,,124-5.jpg,124-5,"Barbershopper of the year award, 1992",1992,"President Orrin Iseminger presenting Fred Nordgaard the ""Barbershopper of the Year"" plaque and lapel pin for 1992. Fred also received the award in 1980.",Awards;,Unknown,image/jpeg,Color photographs,en,Fred Nordgaard,image,https://www.cityoflewiston.org/imagerepository/document?documentid=8233,,https://www.cityoflewiston.org/imagerepository/document?documentid=8233&thumbnailSize=Thumb150x150,,"For permission to publish, contact Lewiston City Library
Phone: (208)-798-2525 E-mail: library@cityoflewiston.org",https://rightsstatements.org/vocab/InC-EDU/1.0/
"Fred Nordgaard Barbershop Quartet Scrapbooks, Lewiston City Library Special Collection",nordgaard036,,132-1.jpg,132-1,"Installation of Officers, 1993",1993-1-23,"Installation of officers held at the Helm Restaurant, January 1993. Outgoing President Orrin Iseminger and Cathy Iseminger.",Installation of officers,Helm Restaurant,image/jpeg,Color photographs,en,Fred Nordgaard,image,https://www.cityoflewiston.org/ImageRepository/Document?documentID=8240,,https://www.cityoflewiston.org/ImageRepository/Document?documentID=8240&thumbnailSize=Thumb150x150,,"For permission to publish, contact Lewiston City Library
Phone: (208)-798-2525 E-mail: library@cityoflewiston.org",https://rightsstatements.org/vocab/InC-EDU/1.0/
"Fred Nordgaard Barbershop Quartet Scrapbooks, Lewiston City Library Special Collection",nordgaard037,,132-3.jpg,132-3,"Installation of Officers, 1993",1993-1-23,"Installation of officers taking place at the Helm Restaurant, January 1993. Incoming President Jerry Hanowell and Gail Hanowell.",Installation of Officers,Helm Restaurant,image/jpeg,Color photographs,en,Fred Nordgaard,image,https://www.cityoflewiston.org/ImageRepository/Document?documentID=8241,,https://www.cityoflewiston.org/ImageRepository/Document?documentID=8241&thumbnailSize=Thumb150x150,,"For permission to publish, contact Lewiston City Library
Phone: (208)-798-2525 E-mail: library@cityoflewiston.org",https://rightsstatements.org/vocab/InC-EDU/1.0/
"Fred Nordgaard Barbershop Quartet Scrapbooks, Lewiston City Library Special Collection",nordgaard038,,83-1.jpg,83-1,"Group Photograph, Division II Competition",1984-12-31,"Group photograph, ""Confluence of Note"" at Division II Competition, March 31, 1984 at Coeur d'Alene, Idaho. From L to R beginning with Row 4: Bill Cousins, Jerry Hanowell, Art Schultz, Vic Deering, Lee Wade, Martin Riggers, E.L. ""Stan"" Stanley; Row 3: Vance Vallandigham, Del Collier, J.O. McMains, Tom Moore, Roger Tutty, Bill Wilkerson; Row 2: Gary Sewell, Henry Bangert, Glenn Ayres, Lloyd Bosserman, Charlie Kiljanczyk; Row 1: Gene Hagedorn, Fred Nordgaard, Don Gay (Director), John Nordgaard, Dale Vallandigham",Contests,Unknown,image/jpeg,Color photographs; Group portraits;,en,Floyd's Studio,image,https://www.cityoflewiston.org/ImageRepository/Document?documentID=8227,,https://www.cityoflewiston.org/ImageRepository/Document?documentID=8227&thumbnailSize=Thumb150x150,,"For permission to publish, contact Lewiston City Library
Phone: (208)-798-2525 E-mail: library@cityoflewiston.org",https://rightsstatements.org/vocab/InC-EDU/1.0/
"Fred Nordgaard Barbershop Quartet Scrapbooks, Lewiston City Library Special Collection",nordgaard039,,75-1.jpg,75-1,Barbershop Harmony: America's Folk Art,1982-11-27,Lewiston Tribune editorial by Guy Trotter giving a brief history of barbershop harmony as a distinctive American form of music.,Barbershop quartets; Singing; Barbershop harmony; Guy Trotter,Unknown,image/jpeg,clippings,en,Guy Trotter; Lewiston Tribune,image,https://www.cityoflewiston.org/ImageRepository/Document?documentID=8219,,https://www.cityoflewiston.org/ImageRepository/Document?documentID=8219&thumbnailSize=Thumb150x150,,"For permission to publish, contact Lewiston City Library
Phone: (208)-798-2525 E-mail: library@cityoflewiston.org",https://rightsstatements.org/vocab/InC-EDU/1.0/
"Fred Nordgaard Barbershop Quartet Scrapbooks, Lewiston City Library Special Collection",nordgaard040,,74-3.jpg,74-3,Concert led by New Director,1982-6-13,"Announcement of debut of New Director, Donald M. Gay, outdoor concert at Lewis-Clark State College.",Donald Gay; Concerts; Lewis-Clark State College Summer Entertainment series,"Lewis-Clark State College, College Union Building",image/jpeg,clippings,en,Lewiston Tribune,image,https://www.cityoflewiston.org/ImageRepository/Document?documentID=8218,,https://www.cityoflewiston.org/ImageRepository/Document?documentID=8218&thumbnailSize=Thumb150x150,,"For permission to publish, contact Lewiston City Library
Phone: (208)-798-2525 E-mail: library@cityoflewiston.org",https://rightsstatements.org/vocab/InC-EDU/1.0/
"Fred Nordgaard Barbershop Quartet Scrapbooks, Lewiston City Library Special Collection",nordgaard041,,73-5.jpg,73-5,Snake River Rogues,1982?,Snake River Rogues serenading at Downtown Lewiston Crazy Days. (1982?),Lewiston Crazy Days; Barbershop Quartets; Events; Festivals,Unknown,image/jpeg,Color Photograph,en,Fred Nordgaard,image,https://www.cityoflewiston.org/ImageRepository/Document?documentID=8216,,https://www.cityoflewiston.org/ImageRepository/Document?documentID=8216&thumbnailSize=Thumb150x150,,"For permission to publish, contact Lewiston City Library
Phone: (208)-798-2525 E-mail: library@cityoflewiston.org",https://rightsstatements.org/vocab/InC-EDU/1.0/
"Fred Nordgaard Barbershop Quartet Scrapbooks, Lewiston City Library Special Collection",nordgaard042,,66-1.jpg,66-1,Concert Advertisement,1981-10-18,Advertisement for Barbershop Quartet concert at Lewiston High School Auditorium.,Advertising,Lewiston High School Auditorium,image/jpeg,Advertisement,en,Lewiston Tribune; Fred Nordgaard,image,https://www.cityoflewiston.org/ImageRepository/Document?documentID=8213,,https://www.cityoflewiston.org/ImageRepository/Document?documentID=8213&thumbnailSize=Thumb150x150,,"For permission to publish, contact Lewiston City Library
Phone: (208)-798-2525 E-mail: library@cityoflewiston.org",https://rightsstatements.org/vocab/InC-EDU/1.0/
"Fred Nordgaard Barbershop Quartet Scrapbooks, Lewiston City Library Special Collection",nordgaard043,,66-2.jpg,66-2,Two Good Nights of Singing,1981-10-17,"Editorials by Guy Trotter informing readers of the existence of the ""Confluence of Note"".",Editorials; Barbershop Quartets; Singing-history; Guy Trotter,Unknown,image/jpeg,clippings,en,Lewiston Tribune; Guy Trotter,image,https://www.cityoflewiston.org/ImageRepository/Document?documentID=8214,,https://www.cityoflewiston.org/ImageRepository/Document?documentID=8214&thumbnailSize=Thumb150x150,,"For permission to publish, contact Lewiston City Library
Phone: (208)-798-2525 E-mail: library@cityoflewiston.org",https://rightsstatements.org/vocab/InC-EDU/1.0/
"Fred Nordgaard Barbershop Quartet Scrapbooks, Lewiston City Library Special Collection",nordgaard044,,21-1.jpg,21-1,Letter of Official Designation,5-28-1980,Correspondence from SPEBSQSA informing Lewis-Clark chapter of official approval as a legitimate chapter.,Correspondence; SPEBSQSA ;,Unknown,image/jpeg,Photographs;,en,SPRBSQSA,image,https://www.cityoflewiston.org/ImageRepository/Document?documentID=8205,,https://www.cityoflewiston.org/ImageRepository/Document?documentID=8205&thumbnailSize=Thumb150x150,,"For permission to publish, contact Lewiston City Library
Phone: (208)-798-2525 E-mail: library@cityoflewiston.org",https://rightsstatements.org/vocab/InC-EDU/1.0/
"Fred Nordgaard Barbershop Quartet Scrapbooks, Lewiston City Library Special Collection",nordgaard045,,56-1.jpg,56-1,"Division Contest In Spokane, WA",1983-4-14,"Placed 6th out of 7 contesting Choruses - Score 279. 4th Row: Harold ""Mossy"" Mosman, Vance Vallandigham, Llyod Bosserman, Art Shultz, Terry Svingen, Roger Tutty, Martin Riggers, Henry Bangert. 3rd Row: E.M. ""Doc"" Wygant, ""J.O."" McMains, Bill Cousins, Tom Moore, Bill Totten, Dick Young, Glen Ayres. 2nd Row: Bob Golla, Bill Wikerson, Dale Vallandigham, Steve Minnich, Charlie Kiljanczyk, Gene Hagedorn, Wes Sorenson. 1st Row: Marlin Brinkley, Vic Deering, Guy Trotter, John Henderson (Director), Jerry Gilbert, John Nordgaard, Fred Nordgaard.",Barborshop Quartets; Contests;,Unknown,image/jpeg,Color Photographs,en,Fred Nordgaard,image,https://www.cityoflewiston.org/ImageRepository/Document?documentID=8210,,https://www.cityoflewiston.org/ImageRepository/Document?documentID=8210&thumbnailSize=Thumb150x150,,"For permission to publish, contact Lewiston City Library
Phone: (208)-798-2525 E-mail: library@cityoflewiston.org",https://rightsstatements.org/vocab/InC-EDU/1.0/
"Fred Nordgaard Barbershop Quartet Scrapbooks, Lewiston City Library Special Collection",nordgaard046,,74-1.jpg,74-1,Concert Benefits Band Trip,1982-5-18,"Lewiston Tribune newspaper clipping highlighting the ""Confluence of Note"" as one of the acts at a ""Musical Variety"" benefit concert for Jenifer Junior High band's travel fund.",Clippings; Barborshop Quartets; Community service; School field trips;,Unknown,image/jpeg,Clippings;,en,Fred Nordgaard,image,https://www.cityoflewiston.org/ImageRepository/Document?documentID=8217,,https://www.cityoflewiston.org/ImageRepository/Document?documentID=8217&thumbnailSize=Thumb150x150,,"For permission to publish, contact Lewiston City Library
Phone: (208)-798-2525 E-mail: library@cityoflewiston.org",https://rightsstatements.org/vocab/InC-EDU/1.0/
"Engstrom Photo Studio, Lewiston City Library Special Collection",engstrom001,,Engstrom_Photo_1.jpg,Engstrom Photo #1,Catholic School Children And Teachers,Unknown; possibly circa 1880,"The Catholic school children and teachers, located on Fifth Avenue where the Hahn Plumbing Shop now stands, and near D Street.",Early Lewiston Schools,Unknown,image/jpeg,Black and White Photo,en,Engstrom Photo Studio ?,image,https://www.cityoflewiston.org/ImageRepository/Document?documentID=8255,,https://www.cityoflewiston.org/ImageRepository/Document?documentID=8255&thumbnailSize=Thumb150x150,,"For permission to publish, contact Lewiston City Library
Phone: (208)-798-2525 E-mail: library@cityoflewiston.org",https://rightsstatements.org/vocab/InC-EDU/1.0/
"Engstrom Photo Studio, Lewiston City Library Special Collection",engstrom002,,Engstrom_Photo_2.jpg,Engstrom Photo #2,Early Lewiston Buildings,cir 1886,"The first Lewiston Normal School building dedicated June 3, 1986.",Lewiston State Normal School,Unknown,image/jpeg,Sketch,en,Engstrom Studio,image,https://www.cityoflewiston.org/ImageRepository/Document?documentID=1028,,https://www.cityoflewiston.org/ImageRepository/Document?documentID=1028&thumbnailSize=Thumb150x150,,"For permission to publish, contact Lewiston City Library
Phone: (208)-798-2525 E-mail: library@cityoflewiston.org",https://rightsstatements.org/vocab/InC-EDU/1.0/
"Engstrom Photo Studio, Lewiston City Library Special Collection",engstrom003,,Engstrom_Photo_3.jpg,Engstrom Photo #3,Lewiston Territorial Buildings,cir. 1900?,The second story is where the first Masonic Lodge in Idaho was organized and it was used for the committee room of the Lower House of the Territorial Legislature.,Masonic Lodge in Idaho,Unknown,image/jpeg,Sketch,en,Engstrom Photo Studio,image,https://www.cityoflewiston.org/ImageRepository/Document?documentID=1030,,https://www.cityoflewiston.org/ImageRepository/Document?documentID=1030&thumbnailSize=Thumb150x150,,"For permission to publish, contact Lewiston City Library
Phone: (208)-798-2525 E-mail: library@cityoflewiston.org",https://rightsstatements.org/vocab/InC-EDU/1.0/
"Engstrom Photo Studio, Lewiston City Library Special Collection",engstrom004,,Engstrom_Photo5.jpg,Engstrom Photo #5,Early Lewiston Buildings: Territorial Senate meetings,Unknown. circa 1860,Building in which the Territorial Senate met and in which the Capital Removal trial was held--located on C Street or alley running through Newell Addition.,Lewiston Buildings,Unknown,image/jpeg,Sketch,en,Unknown. Engstrom Studio?,multiple,https://www.cityoflewiston.org/ImageRepository/Document?documentID=8258,,https://www.cityoflewiston.org/ImageRepository/Document?documentID=8258&thumbnailSize=Thumb150x150,,"For permission to publish, contact Lewiston City Library
Phone: (208)-798-2525 E-mail: library@cityoflewiston.org",https://rightsstatements.org/vocab/InC-EDU/1.0/
"Engstrom Photo Studio, Lewiston City Library Special Collection",engstrom005,engstrom004,Early_Lewiston_Buildings_Territorial_Senate_meetings.jpg,Early Lewiston Buildings: Territorial Senate meetings,Early Lewiston Buildings: Territorial Senate meetings,Unknown. circa 1860,Building in which the Territorial Senate met and in which the Capital Removal trial was held--located on C Street or alley running through Newell Addition.,Lewiston Buildings,Unknown,image/jpeg,Sketch,en,Unknown. Engstrom Studio?,image,https://www.cityoflewiston.org/ImageRepository/Document?documentID=1035,,https://www.cityoflewiston.org/ImageRepository/Document?documentID=1035&thumbnailSize=Thumb150x150,,"For permission to publish, contact Lewiston City Library
Phone: (208)-798-2525 E-mail: library@cityoflewiston.org",https://rightsstatements.org/vocab/InC-EDU/1.0/
"Engstrom Photo Studio, Lewiston City Library Special Collection",engstrom006,,Engstrom6.jpg,Engstrom#6,Early Lewiston Buildings,1878?,On First Street beginning with the large building the Weisgerber Brewery and the next house south is the Corburn Building and the two-story building of this is where the Masonic Lodge is located upstairs 1878.,Lewiston Buildings,Unknown,image/jpeg,Black & White Photography,en,Unknown: Engstrom Studio?,multiple,https://www.cityoflewiston.org/ImageRepository/Document?documentID=8259,,https://www.cityoflewiston.org/ImageRepository/Document?documentID=8259&thumbnailSize=Thumb150x150,,"For permission to publish, contact Lewiston City Library
Phone: (208)-798-2525 E-mail: library@cityoflewiston.org",https://rightsstatements.org/vocab/InC-EDU/1.0/
"Engstrom Photo Studio, Lewiston City Library Special Collection",engstrom007,engstrom006,Early_Lewiston_Buildings.jpg,Early Lewiston Buildings,Early Lewiston Buildings,1878?,On First Street beginning with the large building the Weisgerber Brewery and the next house south is the Corburn Building and the two-story building of this is where the Masonic Lodge is located upstairs 1878.,Lewiston Buildings,Unknown,image/jpeg,Black & White Photography,en,Unknown: Engstrom Studio?,image,https://www.cityoflewiston.org/ImageRepository/Document?documentID=1025,,https://www.cityoflewiston.org/ImageRepository/Document?documentID=1025&thumbnailSize=Thumb150x150,,"For permission to publish, contact Lewiston City Library
Phone: (208)-798-2525 E-mail: library@cityoflewiston.org",https://rightsstatements.org/vocab/InC-EDU/1.0/
"Engstrom Photo Studio, Lewiston City Library Special Collection",engstrom008,,Engstrom_7.jpg,Engstrom #7,"Plat of the City of Lewiston,1874 Downtown Section 1874",1874,"Plat of the city of Lewiston Nez Perce County, Idaho from field notes of official survey of Aug 1874. Approved June 22nd 1875. Henry W. Stainton Mayor, Trustee.",Early Lewiston Maps,Unknown,image/jpeg,Plats,en,Unknown,multiple,https://www.cityoflewiston.org/ImageRepository/Document?documentID=8262,,https://www.cityoflewiston.org/ImageRepository/Document?documentID=8262&thumbnailSize=Thumb150x150,,"For permission to publish, contact Lewiston City Library
Phone: (208)-798-2525 E-mail: library@cityoflewiston.org",https://rightsstatements.org/vocab/InC-EDU/1.0/
"Engstrom Photo Studio, Lewiston City Library Special Collection",engstrom009,engstrom008,"Plat_of_the_City_of_Lewiston,1874_Downtown_Section_1874.jpg","Plat of the City of Lewiston,1874 Downtown Section 1874","Plat of the City of Lewiston,1874 Downtown Section 1874",1874,"Plat of the city of Lewiston Nez Perce County, Idaho from field notes of official survey of Aug 1874. Approved June 22nd 1875. Henry W. Stainton Mayor, Trustee.",Early Lewiston Maps,Unknown,image/jpeg,Plats,en,Unknown,image,https://www.cityoflewiston.org/ImageRepository/Document?documentID=1022,,https://www.cityoflewiston.org/ImageRepository/Document?documentID=1022&thumbnailSize=Thumb150x150,,"For permission to publish, contact Lewiston City Library
Phone: (208)-798-2525 E-mail: library@cityoflewiston.org",https://rightsstatements.org/vocab/InC-EDU/1.0/
"Engstrom Photo Studio, Lewiston City Library Special Collection",engstrom010,,Engstrom_8.jpg,Engstrom #8,"Plat of the City of Lewiston, Hill Section 1874",1874,"Plat (south portion of) City of Lewiston, Nez Perce County, Idaho. Official Survey of Aug. 1874 E B True MA, Survey et. al. Approved June 22, 1875 Henry W. Stainton Mayor.",Early Lewiston Maps,Unknown,image/jpeg,Plats,en,"E. B. True; Approved Henry W. Station, Mayor",multiple,https://www.cityoflewiston.org/ImageRepository/Document?documentID=8263,,https://www.cityoflewiston.org/ImageRepository/Document?documentID=8263&thumbnailSize=Thumb150x150,,"For permission to publish, contact Lewiston City Library
Phone: (208)-798-2525 E-mail: library@cityoflewiston.org",https://rightsstatements.org/vocab/InC-EDU/1.0/
"Engstrom Photo Studio, Lewiston City Library Special Collection",engstrom011,engstrom010,"Plat_of_the_City_of_Lewiston,_Hill_Section_1874.jpg","Plat of the City of Lewiston, Hill Section 1874","Plat of the City of Lewiston, Hill Section 1874",1874,"Plat (south portion of) City of Lewiston, Nez Perce County, Idaho. Official Survey of Aug. 1874 E B True MA, Survey et. al. Approved June 22, 1875 Henry W. Stainton Mayor.",Early Lewiston Maps,Unknown,image/jpeg,Plats,en,"E. B. True; Approved Henry W. Station, Mayor",image,https://www.cityoflewiston.org/ImageRepository/Document?documentID=1026,,https://www.cityoflewiston.org/ImageRepository/Document?documentID=1026&thumbnailSize=Thumb150x150,,"For permission to publish, contact Lewiston City Library
Phone: (208)-798-2525 E-mail: library@cityoflewiston.org",https://rightsstatements.org/vocab/InC-EDU/1.0/
"Engstrom Photo Studio, Lewiston City Library Special Collection",engstrom012,,Engstrom_9.jpg,Engstrom #9,Lewiston Buildings,Unknown; Circa 1863,The Capital of Idaho Territory located on Third Street facing east and on the second block from C Street.,First Territorial Capital Buildings in Lewiston,Unknown,image/jpeg,Black & White Photograph,en,Unknown,multiple,https://www.cityoflewiston.org/ImageRepository/Document?documentID=8264,,https://www.cityoflewiston.org/ImageRepository/Document?documentID=8264&thumbnailSize=Thumb150x150,,"For permission to publish, contact Lewiston City Library
Phone: (208)-798-2525 E-mail: library@cityoflewiston.org",https://rightsstatements.org/vocab/InC-EDU/1.0/
"Engstrom Photo Studio, Lewiston City Library Special Collection",engstrom013,engstrom012,Lewiston_Buildings.jpg,Lewiston Buildings,Lewiston Buildings,Unknown; Circa 1863,The Capital of Idaho Territory located on Third Street facing east and on the second block from C Street.,First Territorial Capital Buildings in Lewiston,Unknown,image/jpeg,Black & White Photograph,en,Unknown,image,https://www.cityoflewiston.org/ImageRepository/Document?documentID=1023,,https://www.cityoflewiston.org/ImageRepository/Document?documentID=1023&thumbnailSize=Thumb150x150,,"For permission to publish, contact Lewiston City Library
Phone: (208)-798-2525 E-mail: library@cityoflewiston.org",https://rightsstatements.org/vocab/InC-EDU/1.0/
"Engstrom Photo Studio, Lewiston City Library Special Collection",engstrom014,,Engstrom10.jpg,Engstrom#10,Early Lewiston Images,Unknown; Engstrom Photo Studio,"Lewiston in ""Steamboat Days"". (ca.1900?)",Lewiston Steamboat Days,Unknown,image/jpeg,Blzck & White Photograph,en,Unknown,multiple,https://www.cityoflewiston.org/ImageRepository/Document?documentID=8260,,https://www.cityoflewiston.org/ImageRepository/Document?documentID=8260&thumbnailSize=Thumb150x150,,"For permission to publish, contact Lewiston City Library
Phone: (208)-798-2525 E-mail: library@cityoflewiston.org",https://rightsstatements.org/vocab/InC-EDU/1.0/
"Engstrom Photo Studio, Lewiston City Library Special Collection",engstrom015,engstrom014,Early_Lewiston_Images.jpg,Early Lewiston Images,Early Lewiston Images,Unknown; Engstrom Photo Studio,"Lewiston in ""Steamboat Days"". (ca.1900?)",Lewiston Steamboat Days,Unknown,image/jpeg,Blzck & White Photograph,en,Unknown,image,https://www.cityoflewiston.org/ImageRepository/Document?documentID=1033,,https://www.cityoflewiston.org/ImageRepository/Document?documentID=1033&thumbnailSize=Thumb150x150,,"For permission to publish, contact Lewiston City Library
Phone: (208)-798-2525 E-mail: library@cityoflewiston.org",https://rightsstatements.org/vocab/InC-EDU/1.0/
"Engstrom Photo Studio, Lewiston City Library Special Collection",engstrom016,,Engstrom_11.jpg,Engstrom #11,Booth Flour Mill,Unknown; circa 1863,One of the first grain mills in town- located on First Street south of Masonic Hall.,First Grain Mill,Unknown,image/jpeg,Black & White Photograph,en,Unknown; Engstrom Photo Studio,multiple,https://www.cityoflewiston.org/ImageRepository/Document?documentID=8248,,https://www.cityoflewiston.org/ImageRepository/Document?documentID=8248&thumbnailSize=Thumb150x150,,"For permission to publish, contact Lewiston City Library
Phone: (208)-798-2525 E-mail: library@cityoflewiston.org",https://rightsstatements.org/vocab/InC-EDU/1.0/
"Engstrom Photo Studio, Lewiston City Library Special Collection",engstrom017,engstrom016,Booth_Flour_Mill.jpg,Booth Flour Mill,Booth Flour Mill,Unknown; circa 1863,One of the first grain mills in town- located on First Street south of Masonic Hall.,First Grain Mill,Unknown,image/jpeg,Black & White Photograph,en,Unknown; Engstrom Photo Studio,image,https://www.cityoflewiston.org/ImageRepository/Document?documentID=1018,,https://www.cityoflewiston.org/ImageRepository/Document?documentID=1018&thumbnailSize=Thumb150x150,,"For permission to publish, contact Lewiston City Library
Phone: (208)-798-2525 E-mail: library@cityoflewiston.org",https://rightsstatements.org/vocab/InC-EDU/1.0/
"Engstrom Photo Studio, Lewiston City Library Special Collection",engstrom018,,Engstrom_12.jpg,Engstrom #12,Sketch Of Idaho and its Counties,Unknown; circa 1863,Sketch of Idaho and its counties.,Early Lewiston Maps,Unknown,image/jpeg,Black & White Photograph,en,Unknown;Engstrom Photo Studio,image,https://www.cityoflewiston.org/ImageRepository/Document?documentID=8249,,https://www.cityoflewiston.org/ImageRepository/Document?documentID=8249&thumbnailSize=Thumb150x150,,"For permission to publish, contact Lewiston City Library
Phone: (208)-798-2525 E-mail: library@cityoflewiston.org",https://rightsstatements.org/vocab/InC-EDU/1.0/
"Engstrom Photo Studio, Lewiston City Library Special Collection",engstrom019,,Engstrom_14.jpg,Engstrom #14,Lewistons First School,Unknown; circa 1876,First Lewiston School building on the corner of Third and C Street facing north.,Early Lewiston School,Unknown,image/jpeg,Black & White Photograph,en,Unknown; Engstrom Photo Studio,multiple,https://www.cityoflewiston.org/ImageRepository/Document?documentID=8251,,https://www.cityoflewiston.org/ImageRepository/Document?documentID=8251&thumbnailSize=Thumb150x150,,"For permission to publish, contact Lewiston City Library
Phone: (208)-798-2525 E-mail: library@cityoflewiston.org",https://rightsstatements.org/vocab/InC-EDU/1.0/
"Engstrom Photo Studio, Lewiston City Library Special Collection",engstrom020,engstrom019,Lewistons_First_School.jpg,Lewistons First School,Lewistons First School,Unknown; circa 1876,First Lewiston School building on the corner of Third and C Street facing north.,Early Lewiston School,Unknown,image/jpeg,Black & White Photograph,en,Unknown; Engstrom Photo Studio,image,https://www.cityoflewiston.org/ImageRepository/Document?documentID=1024,,https://www.cityoflewiston.org/ImageRepository/Document?documentID=1024&thumbnailSize=Thumb150x150,,"For permission to publish, contact Lewiston City Library
Phone: (208)-798-2525 E-mail: library@cityoflewiston.org",https://rightsstatements.org/vocab/InC-EDU/1.0/
"Engstrom Photo Studio, Lewiston City Library Special Collection",engstrom021,,Engstrom_15.jpg,Engstrom #15,Early Lewiston Buildings,Unknown; circa 1863,Courthouse was located on the alley in Newell Addition facing west on the present site of the Lewis-Clark Hotel.,Nez Perce's First Courthouse,Unknown,image/jpeg,Black and White Photograph,en,Unknown; Engstrom Photo studio,image,https://www.cityoflewiston.org/ImageRepository/Document?documentID=8252,,https://www.cityoflewiston.org/ImageRepository/Document?documentID=8252&thumbnailSize=Thumb150x150,,"For permission to publish, contact Lewiston City Library
Phone: (208)-798-2525 E-mail: library@cityoflewiston.org",https://rightsstatements.org/vocab/InC-EDU/1.0/
"Engstrom Photo Studio, Lewiston City Library Special Collection",engstrom022,,Engstrom_16.jpg,Engstrom #16,Early Lewiston Buildings: Luna House,Unknown; circa 1863,"Luna House, Lewiston early-day hotel located on second lot east of Third Street facing north.",Early Lewiston Hotel,Unknown,image/jpeg,Black and White Photography,en,Unknown; Engsrom Photo Studio,image,https://www.cityoflewiston.org/ImageRepository/Document?documentID=8253,,https://www.cityoflewiston.org/ImageRepository/Document?documentID=8253&thumbnailSize=Thumb150x150,,"For permission to publish, contact Lewiston City Library
Phone: (208)-798-2525 E-mail: library@cityoflewiston.org",https://rightsstatements.org/vocab/InC-EDU/1.0/
"Engstrom Photo Studio, Lewiston City Library Special Collection",engstrom023,,Engstrom17.jpg,Engstrom#17,Plat of the City of Lewiston,Unknown;Circa 1862,Plat of Lewiston.,Plat of Lewiston,Unknown,image/jpeg,Black and White Photograph,en,Unknown; Engstrom Studio,image,https://www.cityoflewiston.org/ImageRepository/Document?documentID=8261,,https://www.cityoflewiston.org/ImageRepository/Document?documentID=8261&thumbnailSize=Thumb150x150,,"For permission to publish, contact Lewiston City Library
Phone: (208)-798-2525 E-mail: library@cityoflewiston.org",https://rightsstatements.org/vocab/InC-EDU/1.0/
"Engstrom Photo Studio, Lewiston City Library Special Collection",engstrom024,,p151201coll12_20_full.jpg,p151201coll12_20_full,Early Lewiston Buildings: Clark Hall,1942?,Clark Hall. Located on the corner of Third and C Street facing north - now the north end of the Bollinger Hotel. (now gone),Lewiston Buildings,Unknown,image/jpeg,TGM II,en,Engstrom Studio,multiple,https://www.cityoflewiston.org/ImageRepository/Document?documentID=8201,,https://www.cityoflewiston.org/ImageRepository/Document?documentID=8201&thumbnailSize=Thumb150x150,,"For permission to publish, contact Lewiston City Library
Phone: (208)-798-2525 E-mail: library@cityoflewiston.org",https://rightsstatements.org/vocab/InC-EDU/1.0/
"Engstrom Photo Studio, Lewiston City Library Special Collection",engstrom025,engstrom024,Early_Lewiston_Buildings_Clark_Hall.jpg,Early Lewiston Buildings: Clark Hall,Early Lewiston Buildings: Clark Hall,1942?,Clark Hall. Located on the corner of Third and C Street facing north - now the north end of the Bollinger Hotel. (now gone),Lewiston Buildings,Unknown,image/jpeg,TGM II,en,Engstrom Studio,image,https://www.cityoflewiston.org/ImageRepository/Document?documentID=1021,,https://www.cityoflewiston.org/ImageRepository/Document?documentID=1021&thumbnailSize=Thumb150x150,,"For permission to publish, contact Lewiston City Library
Phone: (208)-798-2525 E-mail: library@cityoflewiston.org",https://rightsstatements.org/vocab/InC-EDU/1.0/
"Engstrom Photo Studio, Lewiston City Library Special Collection",engstrom026,,Engstrom_13.jpg,Engstrom #13,Catholic Church and School,ca. 1900?,The Catholic Church and school. Church was built in 1867 - location of present Hahn building.,Early Lewiston Schools,Unknown,image/jpeg,Black and White Photograph,en,Unknown,multiple,https://www.cityoflewiston.org/ImageRepository/Document?documentID=8250,,https://www.cityoflewiston.org/ImageRepository/Document?documentID=8250&thumbnailSize=Thumb150x150,,"For permission to publish, contact Lewiston City Library
Phone: (208)-798-2525 E-mail: library@cityoflewiston.org",https://rightsstatements.org/vocab/InC-EDU/1.0/
"Engstrom Photo Studio, Lewiston City Library Special Collection",engstrom027,engstrom026,Catholic_Church_and_School.jpg,Catholic Church and School,Catholic Church and School,ca. 1900?,The Catholic Church and school. Church was built in 1867 - location of present Hahn building.,Early Lewiston Schools,Unknown,image/jpeg,Black and White Photograph,en,Unknown,image,https://www.cityoflewiston.org/ImageRepository/Document?documentID=1019,,https://www.cityoflewiston.org/ImageRepository/Document?documentID=1019&thumbnailSize=Thumb150x150,,"For permission to publish, contact Lewiston City Library
Phone: (208)-798-2525 E-mail: library@cityoflewiston.org",https://rightsstatements.org/vocab/InC-EDU/1.0/
"Engstrom Photo Studio, Lewiston City Library Special Collection",engstrom028,,Engstrom_18.jpg,Engstrom #18,Teachers and Children of an early Catholic School,ca. 1900?,Teachers and children of an early Catholic school.,Early Lewiston Schools,Unknown,image/jpeg,Black & White Photograph,en,Unknown,multiple,https://www.cityoflewiston.org/ImageRepository/Document?documentID=8254,,https://www.cityoflewiston.org/ImageRepository/Document?documentID=8254&thumbnailSize=Thumb150x150,,"For permission to publish, contact Lewiston City Library
Phone: (208)-798-2525 E-mail: library@cityoflewiston.org",https://rightsstatements.org/vocab/InC-EDU/1.0/
"Engstrom Photo Studio, Lewiston City Library Special Collection",engstrom029,engstrom028,Teachers_and_Children_of_an_early_Catholic_School.jpg,Teachers and Children of an early Catholic School,Teachers and Children of an early Catholic School,ca. 1900?,Teachers and children of an early Catholic school.,Early Lewiston Schools,Unknown,image/jpeg,Black & White Photograph,en,Unknown,image,https://www.cityoflewiston.org/ImageRepository/Document?documentID=1034,,https://www.cityoflewiston.org/ImageRepository/Document?documentID=1034&thumbnailSize=Thumb150x150,,"For permission to publish, contact Lewiston City Library
Phone: (208)-798-2525 E-mail: library@cityoflewiston.org",https://rightsstatements.org/vocab/InC-EDU/1.0/
"City Hall History, Lewiston City Library",cityhall001,,APRIL_1912-_Construction_in_progress_interior.jpg,APRIL 1912- Construction in progress (interior),April 1912- Construction in progress (interior),1912-04/1979?,The interior of Lewiston City Hall while it was under construction. 647x480,buildings; Lewiston City Hall,"Lewiston, Idaho",image/jpeg,Image; Black-and-white photographs,en,Burns Photo LLC?,image,https://www.cityoflewiston.org/ImageRepository/Document?documentID=8419,,https://www.cityoflewiston.org/ImageRepository/Document?documentID=8419&thumbnailSize=Thumb150X150,"Black and white photo of the inside of a building with unfinished walls and floors, and a watermark of the photography company in the bottom right corner.","For permission to publish, please contact Lewiston City Library: 208.743-6519 or email: library@cityoflewiston.org",https://rightsstatements.org/vocab/InC-EDU/1.0/
"City Hall History, Lewiston City Library",cityhall002,,"APRIL_1912-_Construction_in_progress_interior,_facing_exit.jpg","APRIL 1912- Construction in progress (interior, facing exit)","April 1912- Construction in progress (interior, facing exit)",1912-04/1979?,The interior of Lewiston City Hall while it was under construction. 647x480,buildings; Lewiston City Hall,"Lewiston, Idaho",image/jpeg,Image; Black-and-white photographs,en,Burns Photo LLC?,image,https://www.cityoflewiston.org/ImageRepository/Document?documentID=8419,,https://www.cityoflewiston.org/ImageRepository/Document?documentID=8419&thumbnailSize=Thumb150X150,"Black and white photo of the inside of a building with unfinished walls and floors, and construction materials visible. There is a watermark of the photography company in the bottom right corner.","For permission to publish, please contact Lewiston City Library: 208.743-6519 or email: library@cityoflewiston.org",https://rightsstatements.org/vocab/InC-EDU/1.0/
"City Hall History, Lewiston City Library",cityhall003,,APRIL_1978-_66_years_later_Looking_Southwest.jpg,APRIL 1978- 66 years later (Looking Southwest),APRIL 1978- 66 years later (Looking Southwest),1978-04/1979?,The exterior of Lewiston City Hall as it appeared in April 1978. 659x480,buildings; Lewiston City Hall,"Lewiston, Idaho",image/jpeg,Image; Black-and-white photographs,en,?,image,https://www.cityoflewiston.org/ImageRepository/Document?documentID=8420,,https://www.cityoflewiston.org/ImageRepository/Document?documentID=8420&thumbnailSize=Thumb150X150,"A photo of the front exterior of the Lewiston City Hall, with the text 'City of Lewiston' visible on the front of the building. There are trees, a flagpole, and a parked car in the foreground.","For permission to publish, please contact Lewiston City Library: 208.743-6519 or email: library@cityoflewiston.org",https://rightsstatements.org/vocab/InC-EDU/1.0/
"City Hall History, Lewiston City Library",cityhall004,,DECEMBER_1912-_Finished_Building_Front_View_Looking_Southwest.jpg,DECEMBER 1912- Finished Building Front View (Looking Southwest),DECEMBER 1912- Finished Building Front View (Looking Southwest),1912-12/1979?,"The front of the recently finished Lewiston City Hall, as well as information about the building's size, construction materials, and cost. 641x480",buildings; Lewiston City Hall,"Lewiston, Idaho",image/jpeg,Image; Black-and-white photographs,en,?,image,https://www.cityoflewiston.org/ImageRepository/Document?documentID=8421,,https://www.cityoflewiston.org/ImageRepository/Document?documentID=8421&thumbnailSize=Thumb150X150,"A photo of the front exterior of the Lewiston City Hall, with the text 'United States of America' visible on the front of the building. There is a parked car in front of the building, and an infobox at the top of the image displaying details about the building's location, size, construction materials, and cost.","For permission to publish, please contact Lewiston City Library: 208.743-6519 or email: library@cityoflewiston.org",https://rightsstatements.org/vocab/InC-EDU/1.0/
"City Hall History, Lewiston City Library",cityhall005,,DECEMBER_1912-_Finished_Building_Front_View_Looking_Southwest.jpg,DECEMBER 1912- Finished Building Rear View (looking Northeast),DECEMBER 1912- Finished Building Rear View (looking Northeast),1912-12/1979?,The rear of the recently finished Lewiston City Hall. 640x500,buildings; Lewiston City Hall,"Lewiston, Idaho",image/jpeg,Image; Black-and-white photographs,en,?,image,https://www.cityoflewiston.org/ImageRepository/Document?documentID=8422,,https://www.cityoflewiston.org/ImageRepository/Document?documentID=8422&thumbnailSize=Thumb150X150,"A photo of the rear exterior of Lewiston City Hall, soon after it was finished. A man stands near the far entrance, facing the camera.","For permission to publish, please contact Lewiston City Library: 208.743-6519 or email: library@cityoflewiston.org",https://rightsstatements.org/vocab/InC-EDU/1.0/
"City Hall History, Lewiston City Library",cityhall006,,Early-_1911-_Construction_site_looking_Northeast_County_Courthouse_in_Right_corner.jpg,Early- 1911- Construction site (looking Northeast) County Courthouse in Right corner,Early- 1911- Construction site (looking Northeast) County Courthouse in Right corner,1911/1979?,"The empty plot of ground at the City Hall construction site, with several downtown Lewiston buildings visible in the background. 640x419",buildings; Lewiston City Hall,"Lewiston, Idaho",image/jpeg,Image; Black-and-white photographs,en,?,image,https://www.cityoflewiston.org/ImageRepository/Document?documentID=8423,,https://www.cityoflewiston.org/ImageRepository/Document?documentID=8423&thumbnailSize=Thumb150X150,"A photo of an empty plot of ground with several buildings visible in the background, including the Nez Perce County Courthouse.","For permission to publish, please contact Lewiston City Library: 208.743-6519 or email: library@cityoflewiston.org",https://rightsstatements.org/vocab/InC-EDU/1.0/
"City Hall History, Lewiston City Library",cityhall007,,FEBRUARY_1912-_Construction_in_Progress_Looking_South.jpg,FEBRUARY 1912- Construction in Progress (Looking South),FEBRUARY 1912- Construction in Progress (Looking South),1912-02/1979?,"The exterior of Lewiston City Hall under construction, and construction materials. 640x479",buildings; Lewiston City Hall,"Lewiston, Idaho",image/jpeg,Image; Black-and-white photographs,en,?,image,https://www.cityoflewiston.org/ImageRepository/Document?documentID=8424,,https://www.cityoflewiston.org/ImageRepository/Document?documentID=8424&thumbnailSize=Thumb150X150,"A photo of the exterior of the Lewiston City Hall under construction, with scaffolding visible and a large pile of lumber visible in the foreground.","For permission to publish, please contact Lewiston City Library: 208.743-6519 or email: library@cityoflewiston.org",https://rightsstatements.org/vocab/InC-EDU/1.0/
"City Hall History, Lewiston City Library",cityhall008,,JUNE_1911-_Construction_in_Progress_looking_East_Courthouse_Upper_Left_Corner.jpg,JUNE 1911- Construction in Progress (looking East) Courthouse Upper Left Corner,JUNE 1911- Construction in Progress (looking East) Courthouse Upper Left Corner,1911-06/1979?,The dug out space and foundation for City Hall under construction. 640x452,buildings; Lewiston City Hall,"Lewiston, Idaho",image/jpeg,Image; Black-and-white photographs,en,Burns Photo LLC?,image,https://www.cityoflewiston.org/ImageRepository/Document?documentID=8425,,https://www.cityoflewiston.org/ImageRepository/Document?documentID=8425&thumbnailSize=Thumb150X150,"A photo of several people working on building the foundation of the Lewiston City Hall, which is built into a wide and deep rectangular hole in the ground. There is a ladder and lumber in the foreground, and a watermark of the photography company in the bottom right corner.","For permission to publish, please contact Lewiston City Library: 208.743-6519 or email: library@cityoflewiston.org",https://rightsstatements.org/vocab/InC-EDU/1.0/
"City Hall History, Lewiston City Library",cityhall009,,MARCH_1912-_Construction_in_progress_Looking_Noth_Rear_of_Building.jpg,MARCH 1912- Construction in progress (Looking Noth) Rear of Building,MARCH 1912- Construction in progress (Looking North) Rear of Building,1912-03/1979?,"The exterior of Lewiston City Hall under construction, and construction materials. 640x483",buildings; Lewiston City Hall,"Lewiston, Idaho",image/jpeg,Image; Black-and-white photographs,en,Burns Photo LLC?,image,https://www.cityoflewiston.org/ImageRepository/Document?documentID=8426,,https://www.cityoflewiston.org/ImageRepository/Document?documentID=8426&thumbnailSize=Thumb150X150,"A photo of several people working on building the exterior of the Lewiston City Hall, with scaffolding, bricks, and other building materials visible. There is a watermark for the photography company in the bottom right corner.","For permission to publish, please contact Lewiston City Library: 208.743-6519 or email: library@cityoflewiston.org",https://rightsstatements.org/vocab/InC-EDU/1.0/
"City Hall History, Lewiston City Library",cityhall010,,MARCH_1912-_Construction_in_progress_Looking_South.jpg,MARCH 1912- Construction in progress (Looking South),MARCH 1912- Construction in progress (Looking South),1912-03/1979?,"The exterior of Lewiston City Hall under construction, and construction materials. 640x475",buildings; Lewiston City Hall,"Lewiston, Idaho",image/jpeg,Image; Black-and-white photographs,en,Burns Photo LLC?,image,https://www.cityoflewiston.org/ImageRepository/Document?documentID=8427,,https://www.cityoflewiston.org/ImageRepository/Document?documentID=8427&thumbnailSize=Thumb150X150,"A photo of the exterior of the Lewiston City Hall under construction, with scaffolding visible and a large pile of lumber visible in the foreground. There is a man standing next to the building, facing the camera, and a watermark of the photography company in the bottom right corner.","For permission to publish, please contact Lewiston City Library: 208.743-6519 or email: library@cityoflewiston.org",https://rightsstatements.org/vocab/InC-EDU/1.0/
"City Hall History, Lewiston City Library",cityhall011,,MAY_1912-_Construction_in_progress_Looking_South.jpg,MAY 1912- Construction in progress (Looking South),MAY 1912- Construction in progress (Looking South),1912-05/1979?,"The exterior of Lewiston City Hall under construction, with scaffolding surrounding the building. 640x475",buildings; Lewiston City Hall,"Lewiston, Idaho",image/jpeg,Image; Black-and-white photographs,en,Burns Photo LLC?,image,https://www.cityoflewiston.org/ImageRepository/Document?documentID=8428,,https://www.cityoflewiston.org/ImageRepository/Document?documentID=8428&thumbnailSize=Thumb150X150,"A photo of the Lewiston City Hall under construction, with all visible parts of the building surrounded by scaffolding, and a watermark of the photography company in the bottom right corner.","For permission to publish, please contact Lewiston City Library: 208.743-6519 or email: library@cityoflewiston.org",https://rightsstatements.org/vocab/InC-EDU/1.0/
"City Hall History, Lewiston City Library",cityhall012,,NOVEMBER_1912-_Construction_in_progress_Looking_Southeast.jpg,NOVEMBER 1912- Construction in progress (Looking Southeast),NOVEMBER 1912- Construction in progress (Looking Southeast),1912-11/1979?,"The exterior of Lewiston City Hall nearing the end of construction, and construction materials. 640x484",buildings; Lewiston City Hall,"Lewiston, Idaho",image/jpeg,Image; Black-and-white photographs,en,Burns Photo LLC?,image,https://www.cityoflewiston.org/ImageRepository/Document?documentID=8429,,https://www.cityoflewiston.org/ImageRepository/Document?documentID=8429&thumbnailSize=Thumb150X150,"A photo of the exterior of the Lewiston City Hall nearing the end of construction. There are two people standing in front of the building and one person standing on top of the building. There is a large pile of bricks in the right side of the image, and a watermark of the photography company in the bottom right corner.","For permission to publish, please contact Lewiston City Library: 208.743-6519 or email: library@cityoflewiston.org",https://rightsstatements.org/vocab/InC-EDU/1.0/
"City Hall History, Lewiston City Library",cityhall013,,OCTOBER_1911-_Construction_in_Progress_looking_Southwest.jpg,OCTOBER 1911- Construction in Progress (looking Southwest),OCTOBER 1911- Construction in Progress (looking Southwest),1911-10/1979?,"The exterior of Lewiston City Hall under construction, with scaffolding and pillars constructed. 640x480",buildings; Lewiston City Hall,"Lewiston, Idaho",image/jpeg,Image; Black-and-white photographs,en,Burns Photo LLC?,image,https://www.cityoflewiston.org/ImageRepository/Document?documentID=8430,,https://www.cityoflewiston.org/ImageRepository/Document?documentID=8430&thumbnailSize=Thumb150X150,"A photo of the Lewiston City Hall early in construction, with only one floor built and scaffolding and stone pillars in the foreground, and a person standing on top of the building. There is a watermark of the photography company in the bottom right corner.","For permission to publish, please contact Lewiston City Library: 208.743-6519 or email: library@cityoflewiston.org",https://rightsstatements.org/vocab/InC-EDU/1.0/